List Research,Number,URL,PR,ROOT,Note,email,contact url,guest post,comment,Niche,pass,email,ROOT Edit
car content partnership,137148,http://www.ebscohost.com/for-publishers/for-publishers,8,http://www.ebscohost.com,content partnership,information@ebscohost.com,http://www.ebscohost.com/contact,http://www.ebscohost.com/uploads/general/Publishers_ebooks_ejournals_flyer0910.pdf,content partnership,,,,ebscohost.com
,8894,http://www.cartalk.com/content/car-talk-service-advice-power-steering-fluid,8,http://www.cartalk.com,unsure guest post,JKing@npr.org,,,unsure guest post,,,,cartalk.com
,8895,http://www.stuff.co.nz/entertainment/blogs/on-the-box/7673924/Guest-post-Not-excited-for-Glee-S4,8,http://www.stuff.co.nz,unsure guest post,newstips@stuff.co.nz,,,unsure guest post,,,,stuff.co.nz
,8893,http://techcrunch.com/2009/06/23/the-government-comes-through-for-tesla-with-a-465-million-loan-for-its-electric-sedan/,8,http://techcrunch.com,unsure guest post,tips@techcrunch.com,,,unsure guest post,,,,techcrunch.com
NZ Guest Post,34846,http://arxiv.org/help/submit,8,http://arxiv.org,Submit an Article,,http://arxiv.org/edit-user/,,academic journal,,,,arxiv.org
,9171,http://www.shutterstock.com/cat.mhtml?safesearch=1&search_language=en&search_type=similar&similar_photo_id=574517&tracking_id=543AAD26-8C0F-11E2-8497-108B71D9A14D,8,http://www.shutterstock.com,become a contributor,,http://submit.shutterstock.com/?language=en,,cash for image submission,,,,shutterstock.com
,9018,http://www.pnas.org/content/99/2/1017.full,8,http://www.pnas.org,submit an article,,http://www.pnascentral.org/cgi-bin/main.plex,,manuscript submission,,,,pnas.org
OLD article directories,42020,http://getfirebug.com/wiki/index.php/How_to_become_a_contributor,8,http://getfirebug.com,become a contributor,,https://groups.google.com/forum/#!forum/firebug,,become a contributor,tech,,,getfirebug.com
AU Guest post,32942,http://www.deakin.edu.au/research/stories/2012/10/31/join-the-conversation,8,http://www.deakin.edu.au,become a contributor,,https://theconversation.com/become-an-author,,become a contributor,,,,deakin.edu.au
car content partnership,135583,http://bigcharts.marketwatch.com/bullet.asp?direction=1&topDate=04%2F16%2F2013%2009%3A30%3A00&botDate=04%2F16%2F2013%2008%3A10%3A00&topIdDoc=1110930007&botIdDoc=1110921801,8,http://bigcharts.marketwatch.com,content partnership,,,content partnership,advertising,,,,bigcharts.marketwatch.com
car content partnership,135498,http://allthingsd.com/20101016/exclusive-former-yahoo-and-microsoft-exec-dossett-to-demand-media/,8,http://allthingsd.com,content partnership,,,http://allthingsd.com/about/,possible,,,,allthingsd.com
,9661,http://www.kqed.org/radio/programs/perspectives/submissions.jsp,7,http://www.kqed.org,yes, mtrautwein@kqed.org,,,radio,,,,kqed.org
AU Guest post,32967,http://cit.edu.au/partnerships/industry_connection/2010_october/seven_rules_for_effective_advertising,7,http://cit.edu.au,industry expert submissions, news@cit.act.edu.au,,,industry expert submissions,,,,cit.edu.au
allinurl beomce a contributor,114772,http://www.asiapacific.ca/thenationalconversationonasia/blog/arriving-mission-hospital-nepal,7,http://www.asiapacific.ca,become a contributor, thenationalconversation@asiapacific.ca,http://www.asiapacific.ca/thenationalconversationonasia/contributors-bloggers,http://www.asiapacific.ca/thenationalconversationonasia/contact-us,become a contributor,,,,asiapacific.ca
UK guest post,54375,http://www.qub.ac.uk/schools/SchoolofPoliticsInternationalStudiesandPhilosophy/AboutUs/Publications/,7,http://www.qub.ac.uk,submit an article,a.baker@qub.ac.uk,bjpir@qub.ac.uk,,submit an article,,,,qub.ac.uk
AU Guest post,32985,http://www.alia.org.au/alj/,7,http://www.alia.org.au,submit an article,alj.editor@alia.org.au,,,submit an article,,,,alia.org.au
,13,http://nadaguides.com,7,http://nadaguides.com,sent,alopez@nadaguides.com ,http://nadaguides.com/Contact,possible,sent,,,,nadaguides.com
insurance guest post,80528,http://www.esri.com/news/arcwatch/0810/gis-business-summit.html,7,http://www.esri.com,submit an article,arcwatch_articles@esri.com.,http://www.esri.com/esri-news/arcwatch/submit,,submit an article,,,,esri.com
,8900,http://www.mail.newdeal20.com/become-contributor,7,http://www.mail.newdeal20.com,guest post,blog@rooseveltinstitute.org,,,guest post,,,,mail.newdeal20.com
insurance guest post,82421,http://www.nextnewdeal.net/reality-check-why-truth-will-protect-social-security,7,http://www.nextnewdeal.net,become a contributor,blog@rooseveltinstitute.org,http://www.nextnewdeal.net/become-contributor,,become a contributor,,,,nextnewdeal.net
,9523,http://www.brisbanetimes.com.au/entertainment/your-big-break-blog-for-brisbanetimescomau-20110802-1i99i.html,7,http://www.brisbanetimes.com.au,bloggers wanted,bloggers@brisbanetimes.com.au.,,,bloggers wanted,,,,brisbanetimes.com.au
AU Guest post,32993,http://www.ballarat.edu.au/centres/art-and-historical-collection/ballarat-and-district-industrial-heritage-project,7,http://www.ballarat.edu.au,become a contributor,c.gervasoni@ballarat.edu.au,http://bih.ballarat.edu.au/index.php/Special:RequestAccount,,become a contributor,wiki,,,ballarat.edu.au
insurance guest post,78990,http://www.acponline.org/residents_fellows/career_counseling/malpractice_insurance.htm,7,http://www.acponline.org,submit an article,careercounseling@acponline.org,http://www.acponline.org/residents_fellows/career_counseling/submit_article/,,submit an article,,,,acponline.org
allinanchor write for us,122494,http://www.nursingtimes.net/home/clinical-zones/leadership/professionalism-is-the-best-regulator-of-nursing-care/5055309.article,7,http://www.nursingtimes.net,write for us,clinical1@emap.com,http://www.nursingtimes.net/nursing-practice-clinical-research/5001848.article,,write for us,,,,nursingtimes.net
,9,http://consumerguideauto.howstuffworks.com,7,http://consumerguideauto.howstuffworks.com,sent,comments@cgauto.com,,possible,sent,,,,consumerguideauto.howstuffworks.com
,9570,http://www.dpreview.com/lensreviews/nikon_35_1p8g_n15,7,http://www.dpreview.com,write for us,contributors@dpreview.com,http://www.dpreview.com/misc/jobs,,write for us,photography,,,dpreview.com
UK guest post,54303,http://www.port.ac.uk/departments/services/academicregistry/qualitymanagementdivision/collaborativeprogrammes/oraclenewsletter/,7,http://www.port.ac.uk,submit an article,cpo@port.ac.uk,,,submit an article,,,,port.ac.uk
,8899,http://www.kiwiblog.co.nz/2012/04/guest_post_fiscal_prudence_and_transport_priorities.html,7,http://www.kiwiblog.co.nz,guest post,david@farrar.com,,,guest post,,,,kiwiblog.co.nz
insurance guest post,82315,http://www.nasponline.org/membership/faq.aspx,7,http://www.nasponline.org,submit an article,desroc@optonline.net,,,manuscript submission,,,,nasponline.org
UK guest post,52850,http://www.dius.gov.uk/mailshots/index.html,7,http://www.dius.gov.uk,submit an article,dius.communications@dius.gsi.gov.uk,,,submit an article,,,,dius.gov.uk
,9335,http://blogs.ft.com/beyond-brics/2012/10/17/guest-post-hungary-from-global-cyberspace-to-local-start-ups/,7,http://blogs.ft.com,yes,ean@ft.com,http://aboutus.ft.com/contact-us/editorial/#axzz2QmI1qRo0,,guest post in title of posts,finance,,,blogs.ft.com
allinanchor write for us,120526,http://www.apogeephoto.com/may2003/altengarten52003.shtml,7,http://www.apogeephoto.com,write for us,editor.sales@apogeephoto.com,http://www.apogeephoto.com/writers.shtml,,write for us,,,,apogeephoto.com
,9557,http://www.deccanchronicle.com/121015/basic-page/contact-us,7,http://www.deccanchronicle.com,submit an article,editor@deccanmail.com,,,submit an article,,,,deccanchronicle.com
UK guest post,52840,http://www.disabilitynow.org.uk/write-for-us,7,http://www.disabilitynow.org.uk,write for us,editor@disabilitynow.org.uk,,,write for us,,,,disabilitynow.org.uk
,19,http://www.gizmag.com/,7,http://www.gizmag.com,sent,editor@gizmag.com ,,possible,sent,,,,gizmag.com
insurance guest post,81860,http://www.llrx.com/category/1048,7,http://www.llrx.com,submit an article,editor@llrx.com,http://www.llrx.com/submit.htm,,submit an article,,,,llrx.com
,18,http://www.edmunds.com/autoobserver-archive/,7,http://www.edmunds.com,sent,editorsAO@edmunds.com,,possible,sent,,,,edmunds.com
allinanchor write for us,120073,http://traveloregon.com/,7,http://traveloregon.com,write for us,e-editor@traveloregon.com,http://traveloregon.com/write-for-travel-oregon/,,write for us,,,,traveloregon.com
UK guest post,55362,http://www.wlv.ac.uk/default.aspx?page=25399,7,http://www.wlv.ac.uk,submit an article,emma.hall2@wlv.ac.uk,,,submit an article,,,,wlv.ac.uk
allinurl beomce a contributor,115200,http://www.ericweisstein.com/encyclopedias/faq.html,7,http://www.ericweisstein.com,become a contributor,eric@weisstein.com.,http://www.ericweisstein.com/encyclopedias/contribute.html,,become a contributor,,,,ericweisstein.com
car content partnership,136569,http://torontoist.com/2009/05/torontoist_and_globe_partner_up/,7,http://torontoist.com,Contribute,freelance@torontoist.com,http://torontoist.com/freelance/,http://torontoist.com/contribute/,Contribute,,,,torontoist.com
,9235,http://webhostinggeeks.com/blog/guest-blogger-wanted/,7,http://webhostinggeeks.com,yes,gasuns@webhostinggeeks.com:,,,guest post,,,,webhostinggeeks.com
,9460,http://smallbiztrends.com/2011/05/are-you-taking-a-vacation-this-year.html,7,http://smallbiztrends.com,submit a guest post,guestexperts@smallbiztrends.com,http://smallbiztrends.com/submit-a-guest-post,,submit a guest post,business,,,smallbiztrends.com
,8902,http://www.newamerica.net/blog/higher-ed-watch/2009/guest-post-five-steps-government-can-take-help-private-loan-borrowers-11057,7,http://www.newamerica.net,guest post,hogan@newamerica.net,,,guest post,,,,newamerica.net
water guest post,69467,http://nanotechweb.org/cws/article/yournews/33063,7,http://nanotechweb.org,submit an article,http://atom.iop.org/atom/usermgmt.nsf/EGWebSubmissionWelcome?OpenForm&ISSN=0957-4484,http://nanotechweb.org/cws/Journals/Submissions.do,,journal submission,,,,nanotechweb.org
,8905,http://occupywallst.org/article/GuestSub1/,7,http://occupywallst.org,guest post - content@occupywallst.org,http://occupywallst.org,,,guest post - content@occupywallst.org,,,,occupywallst.org
,9465,http://supportforums.blackberry.com/t5/Java-Development/How-to-submit-an-article-to-the-knowledge-base-on-the-BlackBerry/td-p/1878673,7,http://supportforums.blackberry.com,yes,http://supportforums.blackberry.com/t5/BlackBerry-World-Development/How-to-create-your-own-article-and-contribute-to-the-resource/ta-p/487144,,,forum,,,,supportforums.blackberry.com
,9538,http://www.clickz.com/clickz/column/2186867/click-rate-ppc,7,http://www.clickz.com,write for us,http://www.clickz.com/static/write,http://www.clickz.com/contact-us?contact_forms[entity_attribute]=Become%20a%20Columnist,,write for us,,,,clickz.com
,8898,http://www.freshbooks.com/blog/2011/01/12/five-money-mistakes-freelancers-make/,7,http://www.freshbooks.com,guest post,http://www.freshbooks.com/contact.php,,,guest post,,,,freshbooks.com
,8903,http://www.resilience.org/sessions/new,7,http://www.resilience.org,guest post,http://www.resilience.org,,,guest post,,realkma007,david@incubate.com.au,resilience.org
insurance guest post,84013,http://www.utmb.edu/impact/article.aspx?IAID=131,7,http://www.utmb.edu,submit an article,impact.newsletter@utmb.edu,,,submit an article,,,,utmb.edu
,9485,http://www.acslaw.org/acsblog/guest-blogger-can-general-motors-survive,7,http://www.acslaw.org,yes,info@ACSLaw.org,http://www.acslaw.org/email-preferences,,guest post,,,,acslaw.org
allinanchor write for us,121493,http://www.findunifi.com/buying-car-insurance-in-australia-get-the-facts/,7,http://www.findunifi.com,write for us,info@findunifi.com,http://www.findunifi.com/write-for-us/,,write for us,,,,findunifi.com
allinanchor write for us,121667,http://www.gothamgazette.com/blogs/wonkster/2012/02/22/new-york-state-on-ebay/,7,http://www.gothamgazette.com,write for us,info@gothamgazette.com,http://www.gothamgazette.com/index.php/advertise/81-writers-guidelines,,write for us,,,,gothamgazette.com
OLD article directories,48793,http://www.rubiconpersonalip.com/contributors/why-did-they-become-a-contributor-.html,7,http://www.rubiconpersonalip.com,become a contributor,info@rubiconpersonalip.com,,,become a contributor,,,,rubiconpersonalip.com
UK guest post,51380,http://journalauthors.tandf.co.uk/,7,http://journalauthors.tandf.co.uk,submit an article,info@tandfonline.com,http://journalauthors.tandf.co.uk/submission/,,submit an article,,,,journalauthors.tandf.co.uk
allinurl beomce a contributor,114626,http://world-lotteries.org/cms/index.php?option=com_content&view=article&id=4115:wla-apla-seminar-hanoi-2012&catid=189:current-seminars&Itemid=40&lang=en,7,http://world-lotteries.org,become a contributor,info@world-lotteries.org,http://world-lotteries.org/cms/index.php?option=com_content&view=article&id=3837&Itemid=100206&lang=en,,become a contributor,,,,world-lotteries.org
OLD article directories,48204,http://www.magickaschool.com/boards/viewtopic.php?f=45&t=5674&view=next,7,http://www.magickaschool.com,submit an article,ivory_elephant@hotmail.co.uk ,,,submit an article,,,,magickaschool.com
UK guest post,54843,http://www.tate.org.uk/about/our-work/tate-research/contribute-tate-papers,7,http://www.tate.org.uk,submit an article,jennifer.mundy@tate.org.uk,,,submit an article,,,,tate.org.uk
,9317,http://bgr.com/2008/07/31/want-to-write-for-bgr-4/,7,http://bgr.com,yes,jobs@boygeniusreport.com,,,guest post,tech,,,bgr.com
OLD article directories,40204,http://clinicalevidence.bmj.com/x/set/static/cms/contributors-page.html,7,http://clinicalevidence.bmj.com,become a contributor,kbrunnhuber@bmjgroup.com,,,become a contributor,,,,clinicalevidence.bmj.com
insurance guest post,81653,http://www.kevinmd.com/blog/2010/09/patient-protection-affordable-care-act-individual-mandate-controversy.html,7,http://www.kevinmd.com,submit a guest post,kevinmd@gmail.com,http://www.kevinmd.com/blog/heard-social-medias-leading-physician-voice,,submit a guest post,,,,kevinmd.com
UK guest post,53671,http://www.lancs.ac.uk/jais/contributors/,7,http://www.lancs.ac.uk,submit an article,l.e.edzard@ikos.uio.no,stephan.guth@ikos.uio.no,,submit an article,,,,lancs.ac.uk
,9516,http://www.bloggingstocks.com/2006/05/22/got-perspective-passion-and-smarts-bloggers-wanted/,7,http://www.bloggingstocks.com,bloggers wanted,laura.goldstein@teamaol.com,http://www.dailyfinance.com/about-us/,,bloggers wanted,,,,bloggingstocks.com
,9501,http://www.asha.org/Publications/leader/2012/120918/Genetics--Research-Trends.htm,7,http://www.asha.org,write for us,leader@asha.org,http://www.asha.org/publications/leader/Write-for-The-ASHA-Leader/,,write for us,,,,asha.org
,9251,http://www.pointsoflight.org/blog/2012/05/21/business-at-the-national-conference-on-volunteer-and-service,7,http://www.pointsoflight.org,submit a guest post,listen@pointsoflight.org,http://www.pointsoflight.org/sites/default/files/pointsoflightblog_guestpostguidelines.pdf,,submit a guest post,,,,pointsoflight.org
,9721,http://www.raspberrypi.org/phpBB3/viewtopic.php?f=26&t=35737,7,http://www.raspberrypi.org,become a contributor,liz@raspberrypi.org,sign up to post,,become a contributor,,,,raspberrypi.org
,9649,http://www.isaca.org/Journal/Submit-an-Article/Pages/Submit-an-Article.aspx,7,http://www.isaca.org,yes,lwogelius@isaca.org,,,factual article,,,,isaca.org
,9318,http://bleacherreport.com/articles/1289042-arizona-cardinals-one-question-for-every-player-on-the-defense,7,http://bleacherreport.com,become a contributor,media@bleacherreport.com,,,become a contributor,,,,bleacherreport.com
,12,http://jalopnik.com/,7,http://jalopnik.com,sent,media@jalopnik.com,,possible,sent,,,,jalopnik.com
,9743,http://www.telerik.com/community/forums/reporting/telerik-reporting/auto-increment-number-in-report.aspx,7,http://www.telerik.com,bloggers wanted,media@telerik.com,http://www.telerik.com/products/reporting/bloggers-wanted.aspx,,bloggers wanted,,,,telerik.com
,9358,http://collegeprowler.com/majors/autobody-and-collision-repair/,7,http://collegeprowler.com,become an author,"megan@collegeprowler.com,",http://collegeprowler.com/careers/contributingauthor.aspx,,become an author,,,,collegeprowler.com
,8896,http://themonkeycage.org/blog/2012/10/23/how-strong-is-the-u-s-navy-really/,7,http://themonkeycage.org,guest post,monkeycageblog@gmail.com,,,guest post,,,,themonkeycage.org
,9560,http://www.designfloat.com/blog/2012/05/17/seo-metrics-consider-when-buying-websites/,7,http://www.designfloat.com,write for us,mortimer@designfloat.com,http://www.designfloat.com/blog/2012/03/14/design-float-invites-guest-authors/,,write for us,web,,,designfloat.com
UK guest post,55467,http://www2.le.ac.uk/news/submit-an-article,7,http://www2.le.ac.uk,submit an article,newsblog@le.ac.uk.,pressoffice@le.ac.uk.,,submit an article,,,,www2.le.ac.uk
allinanchor write for us,122736,http://www.psmag.com/politics/taking-high-speed-trains-into-the-future-20305/,7,http://www.psmag.com,write for us,njackson@psmag.com,http://www.psmag.com/about-us/contact-us/write-for-us/,,write for us,,,,psmag.com
UK guest post,52605,http://www.cl.cam.ac.uk/local/web/subversion/,7,http://www.cl.cam.ac.uk,become a contributor,pagemaster@cl.cam.ac.uk,,,become a contributor,,,,cl.cam.ac.uk
UK guest post,53692,http://www.le.ac.uk/press/artists.html,7,http://www.le.ac.uk,submit an article,pressoffice@le.ac.uk.,newsblog@le.ac.uk.,http://www2.le.ac.uk/news/submit-an-article,submit an article,,,,le.ac.uk
,20,http://www.popsci.com/taxonomy/term/2/0/,7,http://www.popsci.com,sent,queries@popsci.com,,possible,sent,,,,popsci.com
allinurl beomce a contributor,114700,http://www.aiche.org/community/chenected-and-social-media,7,http://www.aiche.org,become a contributor,ronnk@aiche.org,http://chenected.aiche.org/contribute/,,become a contributor,,,,aiche.org
allinurl beomce a contributor,114181,http://scienceworld.wolfram.com/info/faq.html,7,http://scienceworld.wolfram.com,become a contributor,scienceworld@wolfram.com,http://scienceworld.wolfram.com/info/contribute.html,,become a contributor,,,,scienceworld.wolfram.com
UK guest post,54652,http://www.socresonline.org.uk/info/submit.html,7,http://www.socresonline.org.uk,submit an article,socres@surrey.ac.uk,,http://www.epress.ac.uk/SRO/webforms/author.php,manuscript submission,,,,socresonline.org.uk
insurance guest post,78948,http://www.aapa.org/news_and_publications/pa_pro_now/item.aspx?id=4349,7,http://www.aapa.org,submit an article,studenteditor@aapa.org,,,submit an article,,,,aapa.org
UK guest post,53225,http://www.gla.ac.uk/research/az/esharp/forauthors/howtosubmitanarticle/,7,http://www.gla.ac.uk,submit an article,submissions@esharp.org.uk,,,submit an article,,,,gla.ac.uk
,9227,http://thediplomat.com/pacific-money/2013/01/10/japanese-automakers-hope-for-better-year-in-china/,7,http://thediplomat.com,write for us,submissions@the-diplomat.com,http://thediplomat.com/write-for-us/,,write for us,,,,thediplomat.com
UK guest post,55255,http://www.vitae.ac.uk/researchers/1271-368671/Become-a-contributor-for-the-exciting-new-PGR-blog-.html,7,http://www.vitae.ac.uk,become a contributor,tennie.videler@vitae.ac.uk,,,become a contributor,,,,vitae.ac.uk
,9316,http://betabeat.com/author/guest-post/,7,http://betabeat.com,yes,tips@betabeat.com,,,guest post,,,,betabeat.com
allinanchor write for us,121944,http://www.ivygateblog.com/2009/02/adventures-in-downward-mobility-poor-rich-kids-is-the-tragicomedy-on-the-other-side-of-graduation/,7,http://www.ivygateblog.com,want to write for,tips@ivygateblog.com,,,want to write for,,,,ivygateblog.com
UK guest post,52864,http://www.do-it.org.uk/magazine/news/bloggerswanted,7,http://www.do-it.org.uk,bloggers wanted,volunteer@youthnet.org,,,bloggers wanted,,,,do-it.org.uk
,8901,http://www.nakedcapitalism.com/2009/05/guest-post-finance-view-of-political.html,7,http://www.nakedcapitalism.com,guest post,webber@auroraadvisors.com,,,guest post,,,,nakedcapitalism.com
,8904,http://econlog.econlib.org/archives/2013/01/human_capital_s.html,7,http://econlog.econlib.org,guest post,webmaster@econlib.org,,,guest post,,,,econlog.econlib.org
UK guest post,52057,http://www.actiononhearingloss.org.uk/community/blogs.aspx,7,http://www.actiononhearingloss.org.uk,want to write for,webteam@hearingloss.org.uk ,,,want to write for,hearing loss / health,,,actiononhearingloss.org.uk
insurance guest post,77089,http://legalsolutions.thomsonreuters.com/about/editorial-submissions,7,http://legalsolutions.thomsonreuters.com,submit a guest post,westlawinsider@thomsonreuters.com,http://westlawinsider.com/blog/,,submit a guest post,,,,legalsolutions.thomsonreuters.com
,9351,http://cargocollective.com/World-Weary/Submission-Guidelines-FAQ,7,http://cargocollective.com,yes,WorldWearyJournal@gmail.com,http://cargocollective.com/contact,,yes,,,,cargocollective.com
NZ Guest Post,34899,http://allnurses.com/general-nursing-student/help-need-examples-99834.html,7,http://allnurses.com,,,FAQ,,social network ,nursing,,,allnurses.com
AU Guest post,32962,http://adb.anu.edu.au/faqs/,7,http://adb.anu.edu.au,become a author,,http://adb.anu.edu.au/faqs/#writing,,become a author,,,,adb.anu.edu.au
allinanchor write for us,117083,http://blog.epa.gov/blog/2009/10/toyota-drives-toward-zero-waste%c2%a0/,7,http://blog.epa.gov,write for us,,http://blog.epa.gov/blog/about/,http://publicaccess.supportportal.com/,possible,,,,blog.epa.gov
,9366,http://deepseanews.com/2012/11/guest-post-the-march-of-science/,7,http://deepseanews.com,yes,,http://deepseanews.com/about-2/contact/,,guest post in title of posts,,,,deepseanews.com
AU Guest post,32969,http://dejanseo.com.au/the-world-research-and-innovation-congress/,7,http://dejanseo.com.au,submit an article,,http://dejanseo.com.au/contact-us/,,submit an article,web,,,dejanseo.com.au
GSA Article Submission,96308,http://jimdo.com,7,http://jimdo.com,create a blog,,http://jimdo.com,,create a blog,,,,jimdo.com
GSA Article Submission,97128,http://legacy.earlham.edu/~markp/elgg_tw/,7,http://legacy.earlham.edu,create a blog,,http://legacy.earlham.edu/~markp/elgg_tw/,,create a blog,,,,legacy.earlham.edu
,9450,http://pubs.rsc.org/en/Journals/Journal/AY,7,http://pubs.rsc.org,submit an article,,http://mc.manuscriptcentral.com/ay,,academic journal,,,,pubs.rsc.org
water guest post,67958,http://blogs.rsc.org/ee/2012/08/06/capacitive-desalination/,7,http://blogs.rsc.org,submit an article,,http://mc.manuscriptcentral.com/ee,,submit an article,,,,blogs.rsc.org
,9209,http://oilprice.com/Energy/Gas-Prices/Why-U.S.-Energy-Independence-Means-Pump-Pain.html,7,http://oilprice.com,write for us,,http://oilprice.com/write-for-oilprice,,write for us,energy / finance,,,oilprice.com
GSA Article Submission,100120,http://opendemocracy.net/openeconomy/tony-curzon-price/g4ss-buckles-is-no-bungler-analysis-of-interview,7,http://opendemocracy.net,Submit an Article,,http://opendemocracy.net/openeconomy/tony-curzon-price/g4ss-buckles-is-no-bungler-analysis-of-interview,,Submit an Article using form,,,,opendemocracy.net
insurance guest post,78013,http://royalsocietypublishing.org/,7,http://royalsocietypublishing.org,submit an article,,http://royalsocietypublishing.org/site/authors/submit.xhtml,http://mc.manuscriptcentral.com/bl,manuscript submission,,,,royalsocietypublishing.org
,9469,http://themoderatevoice.com/26740/who-invented-the-automobile-guest-voice/,7,http://themoderatevoice.com,yes,,http://themoderatevoice.com/contact-us/,,guest post - guest voice in title,,,,themoderatevoice.com
GSA Article Submission,105026,http://tikiwiki.org/tiki-forums.php,7,http://tikiwiki.org,Become an Author,,http://tikiwiki.org/tiki-forums.php,,Become an Author,,,,tikiwiki.org
GSA Article Submission,105288,http://traveltourismdirectory.net/,7,http://traveltourismdirectory.net,submit article,,http://traveltourismdirectory.net/,,submit article link directory,,,,traveltourismdirectory.net
GSA Article Submission,106436,http://webnode.com,7,http://webnode.com,create a free website,,http://webnode.com,,create a free website,,,,webnode.com
GSA Article Submission,106444,http://webs.com,7,http://webs.com,create a free website,,http://webs.com,,create a free website,,,,webs.com
GSA Article Submission,108738,http://wiki.videolan.org,7,http://wiki.videolan.org,submit article,,http://wiki.videolan.org,,submit article wiki,,,,wiki.videolan.org
UK guest post,52595,http://www.cipd.co.uk/toolclicks/management/faqs-terms-accessibility/faqs.aspx,7,http://www.cipd.co.uk,become a contributor,,http://www.cipd.co.uk/toolclicks/management/contact-us/Index.aspx,email your cv,become a contributor,,,,cipd.co.uk
allinanchor write for us,121052,http://www.collegenews.com/res/insurance/car_insurance/student_car_insurance_rates,7,http://www.collegenews.com,write for us,,http://www.collegenews.com/wcp/step1,,write for us - signup form,,,,collegenews.com
allinanchor write for us,121222,http://www.devshed.com/c/a/Oracle/Introduction-to-SQL/1/,7,http://www.devshed.com,write for us,,http://www.developershed.com/writers.php,,write for us - signup form,tech,,,devshed.com
allinanchor write for us,118758,http://m.dpreview.com/news/2012/10/18/Sony-firmware-adds-hybrid-af-support-to-emount-lenses-disables-movie-button-NEX-7-SLT-A37-A57-A65-A7,7,http://m.dpreview.com,write for us,,http://www.dpreview.com/misc/jobs,,write for us,,,,m.dpreview.com
,9613,http://www.googlelunarxprize.org/teams/white-label-space,7,http://www.googlelunarxprize.org,become a contributor,,http://www.googlelunarxprize.org/user/register,,become a contributor,,,,googlelunarxprize.org
,9620,http://www.hg.org/article.asp?id=7596,7,http://www.hg.org,submit an article,,http://www.hgexperts.com/db_experts.asp?action=add,,submit an article,,,,hg.org
,9665,http://www.lehighvalleylive.com/allentown/,7,http://www.lehighvalleylive.com,bloggers wanted,,http://www.lehighvalleylive.com/blogs/apply/,,bloggers wanted,,,,lehighvalleylive.com
allinanchor write for us,122164,http://www.magentocommerce.com/knowledge-base,7,http://www.magentocommerce.com,write for us,,http://www.magentocommerce.com/knowledge-base/writeForUs,http://www.magentocommerce.com/company/contact-us/,write for us,tech,,,magentocommerce.com
allinanchor write for us,122216,http://www.mechanics.com.au/write-for-us/,7,http://www.mechanics.com.au,write for us,,http://www.mechanics.com.au/contact/,,write for us - OMG,,,,mechanics.com.au
allinurl beomce a contributor,115889,http://www.opensourcecms.com/demo/1/183/Drupal,7,http://www.opensourcecms.com,become a contributor,,http://www.opensourcecms.com/demo/1/183/Drupal,,become a contributor,,,,opensourcecms.com
UK guest post,54346,http://www.prospectmagazine.co.uk/about/frequently-asked-questions/,7,http://www.prospectmagazine.co.uk,submit an article,,http://www.prospectmagazine.co.uk/contact/,,submit an article,,,,prospectmagazine.co.uk
NZ Guest Post,34996,http://www.swimmingworldmagazine.com/lane9/news/World/33849.asp,7,http://www.swimmingworldmagazine.com,,,http://www.swimmingworldmagazine.com/lane9/Write4Us.asp,http://www.swimmingworldmagazine.com/Swimming_World_Article_Concept_And_Assignment.pdf,Write for Us,swimming / sport,,,swimmingworldmagazine.com
,9608,http://www.goabroad.com/blog/2012/11/20/traveling-abroad-stay-protected-with-travel-health-insurance/,7,http://www.goabroad.com,write for us,,https://docs.google.com/a/incubate.com.au/spreadsheet/viewform?formkey=dENvUXlLMjNoZ0Jma1BFTmx4eDd4NkE6MA,http://bit.ly/WSMlYr,write for us,travel,,,goabroad.com
insurance guest post,81530,http://www.issa.int/Resources/International-Social-Security-Review,7,http://www.issa.int,submit an article,,,http://au.wiley.com/WileyCDA/Section/index.html,submit an article,,,,issa.int
UK guest post,54814,http://www.swansea.ac.uk/undergraduate/student-life/get-involved/,7,http://www.swansea.ac.uk,want to write for,,,http://waterfrontonline.co.uk/,want to write for,,,,swansea.ac.uk
,17,http://www.detroitnews.com/,7,http://www.detroitnews.com,press release,,www.detroitnews.com/article/99999999/INFO/71011003/1421/info/Send-us-press-release,press release,press release,,,,detroitnews.com
,30,http://blog.hemmings.com/,6,http://blog.hemmings.com,,adsales@hemmings.com,,possible,possible,,,,blog.hemmings.com
,8929,http://bargainbabe.com/advertise-blog/,6,http://bargainbabe.com,guest post - do payday loans,advertise@bargainbabe.com,,,guest post - do payday loans,,,,bargainbabe.com
,8915,http://www.angrybearblog.com/,6,http://www.angrybearblog.com,Guest Post,advertiser@investingchannel.com ,,,Guest Post,,,,angrybearblog.com
,58,http://www.earthtechling.com/,6,http://www.earthtechling.com,,advertising@earthtechling.com,http://www.earthtechling.com/contact-us/,,possible,,,,earthtechling.com
,52,http://roadandtrack.com,6,http://roadandtrack.com,,akierstein@hearst.com,http://www.roadandtrack.com/about/contact-us,,possible,,,,roadandtrack.com
,64,http://www.whatcar.com/,6,http://www.whatcar.com,,ashley.murison@haymarket.com,http://www.whatcar.com/contact-us,,sent,,,,whatcar.com
,57,http://www.cnet.com.au/cartech/,6,http://www.cnet.com.au,,au-sales@cbsinteractive.com,http://www.cbsinteractive.com.au/contact.htm,,possible,,,,cnet.com.au
,43,http://latimesblogs.latimes.com/money_co/2011/12/online-car-selling-scam-nets-4-million-california-prosecutors-say.html,6,http://latimesblogs.latimes.com,,business@latimes.com,,,press release,,,,latimesblogs.latimes.com
,8913,http://under30ceo.com/6-tips-on-money-management-for-young-people/,6,http://under30ceo.com/contribute/,guest post,Cara@under30media.com,,,guest post,,,,under30ceo.com/contribute/
,8910,http://brazilianbubble.com/opinion-brazils-strained-auto-loan-market/,6,http://brazilianbubble.com,guest post,contact@brazilianbubble.com,,,guest post,,,,brazilianbubble.com
,28,http://blog.caranddriver.com/,6,http://blog.caranddriver.com,,Editors@CARandDRIVER.com,,possible,sent,,,,blog.caranddriver.com
lexus guest post,5025,http://matadornetwork.com/community/julesatkins/cambodia-land-of-the-lexus/,6,http://matadornetwork.com,become a contributor,editors@matadornetwork.com.,http://matadornetwork.com/content/contributors-and-job-applicants/submit/,,become a contributor,,,,matadornetwork.com
,8919,http://www.freemoneyfinance.com/,6,http://www.freemoneyfinance.com,Guest Post,FMF@FreeMoneyFinance.com or try fmfblog@gmail.com,,,Guest Post,,,,freemoneyfinance.com
,8911,http://higheredwatch.newamerica.net/node/25940,6,http://higheredwatch.newamerica.net,guest post,hogan@newamerica.net,,,guest post,,,,higheredwatch.newamerica.net
,8908,http://artofmanliness.com/2011/09/20/4-personal-finance-principles-that-would-make-your-grandfather-proud/,6,http://artofmanliness.com,guest post,http://artofmanliness.com/write-for-aom/,,,guest post,,,,artofmanliness.com
,8932,http://ulitzer.com/,6,http://ulitzer.com/,guest post,http://dashboard.ulitzer.com/write/step1,,,guest post,,,,ulitzer.com
,8906,http://ezinearticles.com/?Do-You-Need-A-Car-Title-Loan?&id=5520847,6,http://ezinearticles.com,article directory,http://ezinearticles.com,,,submit article using form,,,,ezinearticles.com
,8907,http://goarticles.com/article/Used-Car-Loans-How-to-Obtain/7424336/,6,http://goarticles.com,article directory,http://goarticles.com,,,submit article using form,,,,goarticles.com
,8933,http://wn.com/pigmentation,6,http://wn.com,article directory,http://photodb.wn.com/upload.cgi,,,submit article using form,,,,wn.com
,8916,http://www.business-opportunities.biz/submit/guest-post/,6,http://www.business-opportunities.biz,guest post,http://www.business-opportunities.biz/submit/guest-post/,,,guest post,,,,business-opportunities.biz
,8917,http://www.businesspundit.com/3-things-you-need-to-know-to-qualify-for-a-mortgage/,6,http://www.businesspundit.com,guest post,http://www.businesspundit.com/advertise/,,,guest post,,,,businesspundit.com
,8934,http://www.collegecentral.com/ArticleList.cfm?CatID=fin&StartingRecord=136,6,http://www.collegecentral.com,article directory,http://www.collegecentral.com/SubmitContent.cfm,,,submit article using form,,,,collegecentral.com
,8920,http://www.getrichslowly.org/blog/2011/02/21/calling-the-shots-how-to-be-the-ceo-of-your-own-life/,6,http://www.getrichslowly.org,guest post,http://www.getrichslowly.org/submit/guest-post,,,guest post,,,,getrichslowly.org
,46,http://motorauthority.com,6,http://motorauthority.com,,http://www.highgearmedia.com/contact,http://www.motorauthority.com/contactus,http://www.highgearmedia.com/iwanttowrite,guest post,,,,motorauthority.com
,8925,http://www.surfnetparents.com/1599/7-tips-on-buying-the-cheapest-car-possible/,6,http://www.surfnetparents.com,guest post,http://www.surfnetparents.com/contribute/,,,guest post,,,,surfnetparents.com
,8927,http://www.wisebread.com/best-money-tips-7-worthless-excuses-for-not-saving,6,http://www.wisebread.com,guest post,http://www.wisebread.com/make-money-writing-for-wise-bread,,,guest post,,,,wisebread.com
,61,http://www.greenpacks.org/,6,http://www.greenpacks.org,,i.alexandru@gmail.com,,,possible,,,,greenpacks.org
,38,http://gas2.org/,6,http://gas2.org,,importantmedia.org/home/registration/,http://importantmedia.org/aboutus/contact/,,cost $150,,,,gas2.org
,778,http://hybridcars.com,6,http://hybridcars.com,,info@hybridcars.com,http://www.hybridcars.com/contact-us/,,yes,,,,hybridcars.com
,20886,http://clubtroppo.com.au/contact/,6,http://clubtroppo.com.au,guest post idea,jacques@chester.id.au,Jacques Chester,,guest post idea,,,,clubtroppo.com.au
,8924,http://www.ourkids.net/blog/tips-for-teens-buying-your-first-car-12341/,6,http://www.ourkids.net,guest post,kim@ourkids.net,,,guest post,,,,ourkids.net
,59,http://www.greencarcongress.com/,6,http://www.greencarcongress.com,,marlotto@bioagemedia.com,http://www.greencarcongress.com/about3.html#contact,,possible,,,,greencarcongress.com
,8909,http://blog.rmi.org/blog_How_Do_We_Lower_Solar_Installation_Costs,6,http://blog.rmi.org,guest post,media@rmi.org,,,guest post,,,,blog.rmi.org
,8931,http://mycollegeguide.org/blog/05/2010/pet-friendly-colleges/,6,http://mycollegeguide.org,guest post,mg@mycollegeguide.org,,,guest post,,,,mycollegeguide.org
,22,http://autobytel.com,6,http://autobytel.com,,michellen@autobytel.com,,possible,sent,,,,autobytel.com
,8930,http://mri.scnatweb.ch/es/director-s-blog/entry/the-earth-science-extravaganza-that-is-the-agu,6,http://mri.scnatweb.ch/es/submit-your-content,guest post,mri@giub.unibe.ch,,,guest post,,,,mri.scnatweb.ch/es/submit-your-content
,8923,http://www.myliferoi.com/2010/01/car-financing-insider-secrets/,6,http://www.myliferoi.com/contact/,guest post,myliferoi@myliferoi.com,,,guest post,,,,myliferoi.com/contact/
,8928,http://www.insurancejournal.com/news/national/2001/08/23/14231.htm,6,http://www.insurancejournal.com/submission-guidelines/#guidelines,guest post - bylined articles,newsdesk@insurancejournal.com,,,guest post - bylined articles,,,,insurancejournal.com/submission-guidelines/#guidelines
,8922,http://www.moneytalksnews.com/contribute/,6,http://www.moneytalksnews.com/contribute/,guest post,pitch@moneytalksnews.com,,,guest post,,,,moneytalksnews.com/contribute/
,29,http://blog.cars4causes.net/,6,http://blog.cars4causes.net,,PR@Cars4Causes.net,,possible,sent,,,,blog.cars4causes.net
,8921,http://www.informationgateway.org/extra-products-offered-car-finance/,6,http://www.informationgateway.org/write-for-us/,guest post,publisher@informationgateway.org,,,guest post,,,,informationgateway.org/write-for-us/
,56,http://www.autocar.co.uk/blogs/,6,http://www.autocar.co.uk,,richard.potton@haymarket.com,http://www.autocar.co.uk/misc/contact-us,,sent,,,,autocar.co.uk
,51,http://ridelust.com,6,http://ridelust.com,,ridelust@gmail.com,http://www.ridelust.com/advertise/,,sent,,,,ridelust.com
,8912,http://rogerpielkejr.blogspot.com/2010/03/bias-in-ipcc-wgiii-guest-post-by.html,6,http://rogerpielkejr.blogspot.com,guest post,rpielkejr@gmail.com,,,guest post,,,,rogerpielkejr.blogspot.com
,50,http://pistonheads.com,6,http://pistonheads.com,,sales@pistonheads.com,http://www.pistonheads.com/contact/,,possible,,,,pistonheads.com
,37,http://fastlane.gmblogs.com/,6,http://fastlane.gmblogs.com,,socialmediateam@gm.com,,,sent,,,,fastlane.gmblogs.com
,8918,http://www.economonitor.com/,6,http://www.economonitor.com/,guest post,submissions@economonitor.com,,,guest post,,,,economonitor.com/
,54,http://theautochannel.com,6,http://theautochannel.com,,submit@theautochannel.com.,http://theautochannel.com/credits.html,,sent,,,,theautochannel.com
,8926,http://www.thedigeratilife.com/blog/costco-membership-shopping-costco-save-money/,6,http://www.thedigeratilife.com,guest post,svb@thedigeratilife.com,,,guest post,,,,thedigeratilife.com
NZ Guest Post,35034,http://cloudcomputing.sys-con.com/node/1028156,6,http://cloudcomputing.sys-con.com,,tech,http://dashboard.ulitzer.com/write/step1,,Write for Us,,,,cloudcomputing.sys-con.com
NZ Guest Post,35037,http://coldfusion.sys-con.com/node/35852,6,http://coldfusion.sys-con.com,,tech,http://dashboard.ulitzer.com/write/step1,,Write for Us,,,,coldfusion.sys-con.com
,27,http://autoweek.com,6,http://autoweek.com,,tips@autoweek.com,,,sent,,,,autoweek.com
,39,http://gearpatrol.com/,6,http://gearpatrol.com,,tips@gearpatrol.com,http://gearpatrol.com/about/#jobs,http://www.saymedia.com/company-and-campaign-information,sent,,,,gearpatrol.com
AU Guest post,33077,http://3things.org.au/competitions/looking-for-talented-guest-bloggers,6,http://3things.org.au,,,3things@oxfam.org.au,,want to write for,,,,3things.org.au
AU Guest post,33134,http://www.aas.asn.au/aas_workingpapers.php,6,http://www.aas.asn.au,,,aas@anu.edu.au,,submit an article,,,,aas.asn.au
AU Guest post,33153,http://www.ausimm.com.au/content/default.aspx?ID=104,6,http://www.ausimm.com.au,,,editor@ausimm.com.au,,submit an article,,,,ausimm.com.au
GSA Article Submission,86910,http://ajax.sys-con.com/node/2305192,6,http://ajax.sys-con.com,write for us,,http://ajax.sys-con.com/node/2305192,,write for us,,,,ajax.sys-con.com
GSA Article Submission,87287,http://apache.sys-con.com/node/593569,6,http://apache.sys-con.com,write for us,,http://apache.sys-con.com/node/593569,,write for us,,,,apache.sys-con.com
GSA Article Submission,87949,http://australiawebdirectory.net/detail/myshopping-com-au--online-shopping-australia--compare-prices-1460.htm,6,http://australiawebdirectory.net,submit article,,http://australiawebdirectory.net/detail/myshopping-com-au--online-shopping-australia--compare-prices-1460.htm,,submit article,,,,australiawebdirectory.net
GSA Article Submission,88776,http://blogsome.com,6,http://blogsome.com,create a blog,,http://blogsome.com,,create a blog,,,,blogsome.com
kia guest post,6048,http://eclipse.sys-con.com/node/2307830,6,http://eclipse.sys-con.com,write for us,,http://eclipse.sys-con.com/main/proposal.htm,,write for us,,,,eclipse.sys-con.com
AU Guest post,33107,http://healthbulletin.org.au/contribute/,6,http://healthbulletin.org.au,,,http://healthbulletin.org.au/contribute/guidelines/,,submit an article,,,,healthbulletin.org.au
,35,http://cleantechnica.com/,6,http://cleantechnica.com,,,http://importantmedia.org/sponsor-a-post/,150,cost $150,,,,cleantechnica.com
GSA Article Submission,98544,http://mobiforge.com/developing/story/preserving-user-preferences-android-applications,6,http://mobiforge.com,write for us,,http://mobiforge.com/developing/story/preserving-user-preferences-android-applications,,write for us,,,,mobiforge.com
GSA Article Submission,98729,http://moonfruit.com,6,http://moonfruit.com,create a website,,http://moonfruit.com,,create a website,,,,moonfruit.com
GSA Article Submission,99472,http://newmatilda.com/,6,http://newmatilda.com,write for us,,http://newmatilda.com/,,write for us,,,,newmatilda.com
GSA Article Submission,100214,http://openwebdeveloper.sys-con.com/node/593569,6,http://openwebdeveloper.sys-con.com,write for us,,http://openwebdeveloper.sys-con.com/node/593569,,write for us,,,,openwebdeveloper.sys-con.com
AU Guest post,33120,http://overland.org.au/blogs/red-herring/2011/12/my-first-year-as-fiction-editor/,6,http://overland.org.au,,,http://overland.org.au/about/advertise/,,write for us,,,,overland.org.au
GSA Article Submission,100436,http://paddle.usp.ac.fj/cgi-bin/paddle?e=d-010off-paddle--00-1--0---0-10-TX--2-------0-11l--11-en-50---20-png---10-3-1-000--0-0-11-0utfZz-8-00&a=d&d=col006&gg=1,6,http://paddle.usp.ac.fj,create a blog,,http://paddle.usp.ac.fj/cgi-bin/paddle?e=d-010off-paddle--00-1--0---0-10-TX--2-------0-11l--11-en-50---20-png---10-3-1-000--0-0-11-0utfZz-8-00&a=d&d=col006&gg=1,,create a blog,,,,paddle.usp.ac.fj
,31,http://blogs.consumerreports.org/cars/,6,http://blogs.consumerreports.org,,,http://pressroom.consumerreports.org/,,press release,,,,blogs.consumerreports.org
GSA Article Submission,104163,http://svn.buddypress.org/branches/1.2/bp-languages/buddypress.pot,6,http://svn.buddypress.org,create a blog,,http://svn.buddypress.org/branches/1.2/bp-languages/buddypress.pot,,create a blog,,,,svn.buddypress.org
GSA Article Submission,106062,http://virtualization.sys-con.com/node/593569,6,http://virtualization.sys-con.com,write for us,,http://virtualization.sys-con.com/node/593569,,write for us,,,,virtualization.sys-con.com
AU Guest post,33130,http://web.education.unimelb.edu.au/ceiec/resources/journal.html,6,http://web.education.unimelb.edu.au,,,http://web.education.unimelb.edu.au/ceiec/resources/IJEIEC_Submission_Cover_Sheet_2011.docx,,submit an article,,,,web.education.unimelb.edu.au
GSA Article Submission,106461,http://webstarts.com,6,http://webstarts.com,create a free website,,http://webstarts.com,,create a free website,,,,webstarts.com
GSA Article Submission,106884,http://wiki.bugwood.org,6,http://wiki.bugwood.org,Become an Author,,http://wiki.bugwood.org,,Become an Author,,,,wiki.bugwood.org
,23,http://automobilemag.com,6,http://automobilemag.com,,,http://www.automobilemag.com/contactus/,,possible,,,,automobilemag.com
AU Guest post,33192,http://www.ethics.org.au/content/volunteer-vacancies,6,http://www.ethics.org.au,www.ethics.org.au/sites/default/files/advocacy/Guide_for_Living_ethics_contributors.pdf,,http://www.ethics.org.au/content/volunteer-vacancies-form,,submit an article,,,,ethics.org.au
,36,http://everycarlisted.com,6,http://everycarlisted.com,,,http://www.everycarlisted.com/contact,,possible,,,,everycarlisted.com
,60,http://www.greencarreports.com/,6,http://www.greencarreports.com,,,http://www.greencarreports.com/contactus,yes,contacted,,,,greencarreports.com
manual,112402,http://www.homeenergy.org/list/blogpost#newbloganchor,6,http://www.homeenergy.org,,,http://www.homeenergy.org,,submit blog post,,,,homeenergy.org
kia guest post,7107,http://www.hongkiat.com/blog/,6,http://www.hongkiat.com,become an author,,http://www.hongkiat.com/blog/submit-post/,http://www.hongkiat.com/blog/publishing-policy/,write for us - submit form,tech,,,hongkiat.com
,41,http://greenhybrid.com/,6,http://greenhybrid.com,,,http://www.internetbrandsauto.com/contact,,possible,,,,greenhybrid.com
,47,http://motortrend.com,6,http://motortrend.com,,,http://www.motortrend.com/contactus/,,possible,,,,motortrend.com
,55,http://thecarconnection.com,6,http://thecarconnection.com,,,http://www.thecarconnection.com/contactus,,yes,,,,thecarconnection.com
AU Guest post,33119,http://one.com.au/ifish.htm,6,http://one.com.au,,,http://www.theroar.com.au/register/?redirect_to=/contribute/submit/,,submit an article,,,,one.com.au
GSA Article Submission,111820,http://www.yourtango.com/user/register,6,http://www.yourtango.com,write for us,,http://www.yourtango.com/user/register,,write for us,,,,yourtango.com
AU Guest post,33142,http://www.aifs.gov.au/cfca/alert/latestalert.html,6,http://www.aifs.gov.au,,,https://www.aifs.gov.au/cfca/contactform.php?addr=mapscf&ref=amfc&scode=pubpro&sub=cfcapubpro,,submit an article,,,,aifs.gov.au
AU Guest post,33184,http://www.disability.vic.gov.au/dsonline/dsarticles.nsf/pages/Food_allergy_and_intolerance?OpenDocument,6,http://www.disability.vic.gov.au,,,https://www.divine.vic.gov.au/main-site/home/divine-community/submit-an-article,,submit an article,,,,disability.vic.gov.au
AU Guest post,33185,http://www.divine.vic.gov.au/main.php?id=2895,6,http://www.divine.vic.gov.au,,,https://www.divine.vic.gov.au/main-site/home/divine-community/submit-an-article,,submit an article,,,,divine.vic.gov.au
AU Guest post,33168,http://www.chartermagazine.com.au/submit.html,6,http://www.chartermagazine.com.au,,,keith@cmma.com.au,,submit an article,,,,chartermagazine.com.au
AU Guest post,33138,http://www.achper.org.au/publications/active-healthy-magazine/information-for-authorssubmissions,6,http://www.achper.org.au,,,Megan.Cowper@achper.org.au,,submit an article,,,,achper.org.au
,75,http://carsdirect.com,5,http://carsdirect.com,,adinfo@carsdirect.com,,,possible,,,,carsdirect.com
,95,http://windingroad.com,5,http://windingroad.com,,ads@nextscreen.com,,,forum,,,,windingroad.com
,8947,http://www.savingtoinvest.com/about,5,http://www.savingtoinvest.com/about,guest post,andy@savingtoinvest.com,,,guest post,,,,savingtoinvest.com/about
,114,http://www.porhomme.com/advertise/,5,http://www.porhomme.com,,atif@porhomme.com,,sent message,sent message,,,,porhomme.com
,8937,http://blog.creditkarma.com,5,http://blog.creditkarma.com/category/blog-series/guest-blogs/,guest post,BLOG@CREDITKARMA.COM,,,guest post,,,,blog.creditkarma.com/category/blog-series/guest-blogs/
,66,http://autoanything.com,5,http://autoanything.com,,careers@autoanything.com,http://www.autoanything.com/help/policy#contactinfo,,sent,,,,autoanything.com
,106,http://www.carscoops.com/,5,http://www.carscoops.com,,carscoop@gmail.com,,sent message,sent message,,,,carscoops.com
,76,http://conceptcarz.com ,5,http://conceptcarz.com,,dan@conceptcarz.com,,,sent message,,,,conceptcarz.com
,101,http://www.autoobserver.com/,5,http://www.autoobserver.com,,editorsAO@edmunds.com,,sent message,sent message,,,,autoobserver.com
,8939,http://paidtoexist.com/the-zero-hour-workweek/,5,http://paidtoexist.com/guest-posting-guidelines/,guest post,evyan@paidtoexist.com,,,guest post,,,,paidtoexist.com/guest-posting-guidelines/
,96,http://worldcarfans.com,5,http://worldcarfans.com,,feedback@worldcarfans.com,,sent message,sent message,,,,worldcarfans.com
,8938,http://freefrombroke.com/write-free-broke/,5,http://freefrombroke.com,guest post,http://freefrombroke.com/write-free-broke/,,,guest post,,,,freefrombroke.com
,8940,http://plantingmoneyseeds.com/guest-posting/,5,http://plantingmoneyseeds.com/guest-posting/,guest post,http://plantingmoneyseeds.com/contact/,,,guest post,,,,plantingmoneyseeds.com/guest-posting/
,8943,http://untemplater.com,5,http://untemplater.com/write-for-us/,guest post,http://untemplater.com/write-for-us/,,,guest post,,,,untemplater.com/write-for-us/
,8949,http://www.flyingsolo.com.au/,5,http://www.flyingsolo.com.au/contributors/contributor-guidelines,guest post,http://www.flyingsolo.com.au/contributors/become-a-contributor-form,,,guest post,,,,flyingsolo.com.au/contributors/contributor-guidelines
,8935,http://anthillonline.com/debbie-does-carloans/,5,http://anthillonline.com/contact-us/,guest post,https://anthillmagazine.wufoo.com/forms/editorial-submission-form/,,,guest post,,,,anthillonline.com/contact-us/
,8946,http://www.greenplanet.com/tag/environmental/,5,http://www.greenplanet.com/contact-us/,guest post,info@greenplanet.com,,,guest post,,,,greenplanet.com/contact-us/
,112,http://www.hydrogencarsnow.com/,5,http://www.hydrogencarsnow.com,,info@hydrogencarsnow.com,,sent message,sent message,,,,hydrogencarsnow.com
,8944,http://www.bloggingawaydebt.com/category/guest-post-2/,5,http://www.bloggingawaydebt.com/2011/10/guest-posts/,guest post,info@savingadvice.com,,,guest post,,,,bloggingawaydebt.com/2011/10/guest-posts/
,8945,http://www.goodfinancialcents.com,5,http://www.goodfinancialcents.com/client/contact/,guest post,jeff@goodfinancialcents.com,,,guest post,,,,goodfinancialcents.com/client/contact/
,99,http://www.autoguide.com/auto-news/,5,http://www.autoguide.com,,jmagro@verticalscope.com,,sent message,sent message,,,,autoguide.com
,8941,http://retireby40.org/contact/,5,http://retireby40.org/wp-content/uploads/Data/Media%20Kit.pdf,guest post,joe@retireby40.org,,,guest post,,,,retireby40.org/wp-content/uploads/Data/Media%20Kit.pdf
,85,http://netcarshow.com,5,http://netcarshow.com,,netcarshow@hotmail.com,,,sent,,,,netcarshow.com
,113,http://www.motorists.org/blog/,5,http://www.motorists.org,,nma@motorists.org,,sent message,sent message,,,,motorists.org
,8948,http://succeedasyourownboss.com/02/2011/give-your-business-finances-a-fighting-chance/,5,http://succeedasyourownboss.com,Sponsored Posts ,smallbizlady@gmail.com,,,Sponsored Posts ,,,,succeedasyourownboss.com
NZ Guest Post,35325,http://govit.sys-con.com/node/2599974,5,http://govit.sys-con.com,http://dashboard.ulitzer.com/write/step1,tech,,,yes submit form,,,,govit.sys-con.com
,91,http://theautoprophet.blogspot.com/,5,http://theautoprophet.blogspot.com,,theautoprophet@gmail.com,,sent message,sent message,,,,theautoprophet.blogspot.com
,8942,http://theeconomiccollapseblog.com/archives/tag/car-loans,5,http://theeconomiccollapseblog.com/contact,guest post,TheEconomicCollapseBlog@Hotmail.com,,,guest post,,,,theeconomiccollapseblog.com/contact
,117,http://www.transportgooru.com/,5,http://www.transportgooru.com,,transportgooru@gmail.com,,sent message,sent message,,,,transportgooru.com
,97,http://wreckedexotics.com,5,http://wreckedexotics.com,,wreckedexotics3@gmail.com,,sent message,sent message,,,,wreckedexotics.com
GSA Article Submission,86411,http://350.com,5,http://350.com,create a free website,,http://350.com,,create a free website,,,,350.com
,68,http://autospies.com,5,http://autospies.com,,,http://autospies.com/contact.aspx,,possible,,,,autospies.com
GSA Article Submission,88090,http://baikalglobal.com/detail/pet-supplies-online-10696.html,5,http://baikalglobal.com,submit article,,http://baikalglobal.com/detail/pet-supplies-online-10696.html,,submit article,,,,baikalglobal.com
GSA Article Submission,88284,http://beep.com,5,http://beep.com,create a free website,,http://beep.com,,create a free website,,,,beep.com
GSA Article Submission,88660,http://blinkweb.com,5,http://blinkweb.com,create a free website,,http://blinkweb.com,,create a free website,,,,blinkweb.com
GSA Article Submission,88761,http://blogrollcenter.com/index.php?do=/user/register/,5,http://blogrollcenter.com,article submission,,http://blogrollcenter.com/index.php?do=/user/register/,,article submission,,,,blogrollcenter.com
GSA Article Submission,89129,http://business.blinkweb.com,5,http://business.blinkweb.com,create a free website,,http://business.blinkweb.com,,create a free website,,,,business.blinkweb.com
GSA Article Submission,89733,http://chrishecker.com,5,http://chrishecker.com,create a website,,http://chrishecker.com,,create a website,,,,chrishecker.com
GSA Article Submission,90682,http://cvs.linuxtv.org/v4lwiki,5,http://cvs.linuxtv.org,Become an Author,,http://cvs.linuxtv.org/v4lwiki,,Become an Author,,,,cvs.linuxtv.org
GSA Article Submission,90728,http://cytopathnet.org/,5,http://cytopathnet.org,Become an Author,,http://cytopathnet.org/,,Become an Author,,,,cytopathnet.org
GSA Article Submission,91568,http://dominionpaper.ca/articles/1031,5,http://dominionpaper.ca,write for us,,http://dominionpaper.ca/articles/1031,,write for us,,,,dominionpaper.ca
GSA Article Submission,91585,http://doomby.com,5,http://doomby.com,create a free website,,http://doomby.com,,create a free website,,,,doomby.com
GSA Article Submission,91746,http://dublincycling.com/contact,5,http://dublincycling.com,article submission,,http://dublincycling.com/contact,,article submission,,,,dublincycling.com
GSA Article Submission,92484,http://equity101.info/content/frequently-asked-questions,5,http://equity101.info,create a blog,,http://equity101.info/content/frequently-asked-questions,,create a blog,,,,equity101.info
GSA Article Submission,92716,http://ew2008.org/index.php?list=top,5,http://ew2008.org,submit article,,http://ew2008.org/index.php?list=top,,submit article,,,,ew2008.org
GSA Article Submission,92719,http://ewebsite.com,5,http://ewebsite.com,create a website,,http://ewebsite.com,,create a website,,,,ewebsite.com
,11114,http://www.tigsource.com/category/fan-games/,5,http://www.tigsource.com,submit a guest article,,http://forums.tigsource.com/index.php?topic=10302.0,,submit a guest article,,,,tigsource.com
GSA Article Submission,93620,http://freesoftwaremagazine.com/articles/drivers_linux,5,http://freesoftwaremagazine.com,write for us,,http://freesoftwaremagazine.com/articles/drivers_linux,,write for us,,,,freesoftwaremagazine.com
GSA Article Submission,94177,http://global-womens-network.org,5,http://global-womens-network.org,Contribute to our Site,,http://global-womens-network.org,,Contribute to our Site,,,,global-womens-network.org
GSA Article Submission,94808,http://hedon.info/register,5,http://hedon.info,Submit an Article,,http://hedon.info/register,,Submit an Article,,,,hedon.info
GSA Article Submission,94926,http://hg.linuxtv.org/wiki,5,http://hg.linuxtv.org,Become an Author,,http://hg.linuxtv.org/wiki,,Become an Author,,,,hg.linuxtv.org
GSA Article Submission,94948,http://highrankdirectory.com/,5,http://highrankdirectory.com,submit article,,http://highrankdirectory.com/,,submit article,,,,highrankdirectory.com
GSA Article Submission,96063,http://it.altervista.org/wiki,5,http://it.altervista.org,create a free website,,http://it.altervista.org/wiki,,create a free website,,,,it.altervista.org
GSA Article Submission,96329,http://jnep.sumdu.edu.ua/en/component/user/register,5,http://jnep.sumdu.edu.ua,article submission,,http://jnep.sumdu.edu.ua/en/component/user/register,,article submission,,,,jnep.sumdu.edu.ua
GSA Article Submission,96510,http://kakwebdir.com/,5,http://kakwebdir.com,submit article,,http://kakwebdir.com/,,submit article,,,,kakwebdir.com
GSA Article Submission,97211,http://libcom.org/user/register,5,http://libcom.org,submit article,,http://libcom.org/user/register,,submit article,,,,libcom.org
GSA Article Submission,97671,http://m6.net/resources/webdir.aspx,5,http://m6.net,submit article,,http://m6.net/resources/webdir.aspx,,submit article,,,,m6.net
GSA Article Submission,98228,http://merchantmoms.com/sites/,5,http://merchantmoms.com,submit article,,http://merchantmoms.com/sites/,,submit article,,,,merchantmoms.com
GSA Article Submission,98442,http://minnewiki.publicradio.org,5,http://minnewiki.publicradio.org,Become an Author,,http://minnewiki.publicradio.org,,Become an Author,,,,minnewiki.publicradio.org
GSA Article Submission,100058,http://onlineshoppingindex.org/Jewelry/,5,http://onlineshoppingindex.org,submit article,,http://onlineshoppingindex.org/Jewelry/,,submit article,,,,onlineshoppingindex.org
GSA Article Submission,100826,http://photographysites.com/blog.php,5,http://photographysites.com,write for us,,http://photographysites.com/blog.php,,write for us,,,,photographysites.com
GSA Article Submission,103335,http://snappages.com,5,http://snappages.com,create a website,,http://snappages.com,,create a website,,,,snappages.com
GSA Article Submission,103404,http://socialgo.com/,5,http://socialgo.com,create a website,,http://socialgo.com/,,create a website,,,,socialgo.com
GSA Article Submission,103523,http://sosblog.com,5,http://sosblog.com,create a blog,,http://sosblog.com,,create a blog,,,,sosblog.com
GSA Article Submission,103524,http://sosblogs.com,5,http://sosblogs.com,create a blog,,http://sosblogs.com,,create a blog,,,,sosblogs.com
GSA Article Submission,104929,http://theunderground.nl/2012,5,http://theunderground.nl,Submit an Article,,http://theunderground.nl/2012,,Submit an Article,,,,theunderground.nl
GSA Article Submission,105503,http://uat-world.com/legal/privacy,5,http://uat-world.com,create a website,,http://uat-world.com/legal/privacy,,create a website,,,,uat-world.com
GSA Article Submission,105844,http://vbulletin.org/forum/showthread.php?t=225512,5,http://vbulletin.org,article submission,,http://vbulletin.org/forum/showthread.php?t=225512,,article submission,,,,vbulletin.org
GSA Article Submission,106428,http://weblogs.us,5,http://weblogs.us,create a website,,http://weblogs.us,,create a website,,,,weblogs.us
GSA Article Submission,106460,http://webspawner.com,5,http://webspawner.com,create a free website,,http://webspawner.com,,create a free website,,,,webspawner.com
GSA Article Submission,108670,http://wiki.ubc.ca/Documentation%3aTeaching_Portfolios_CTLT_Institute,5,http://wiki.ubc.ca,create a blog,,http://wiki.ubc.ca/Documentation%3aTeaching_Portfolios_CTLT_Institute,,create a blog,,,,wiki.ubc.ca
,67,http://autoextremist.com,5,http://autoextremist.com,,,http://www.autoextremist.com/contact-ae/,,possible,,,,autoextremist.com
,69,http://autoweb.co.uk,5,http://autoweb.co.uk,,,http://www.autoweb.co.uk/contact,,possible,,,,autoweb.co.uk
,120,http://www.autoweb.com.au/,5,http://www.autoweb.com.au/,,,http://www.autoweb.com.au/cms/contact.html,,advertising,,,,autoweb.com.au/
,70,http://barrett-jackson.com,5,http://barrett-jackson.com,,,http://www.barrett-jackson.com/application/onlinesubmission/contactus.aspx,,yes advertising,,,,barrett-jackson.com
,71,http://carcomplaints.com,5,http://carcomplaints.com,,,http://www.carcomplaints.com/contact.shtml,,possible,,,,carcomplaints.com
,72,http://cardomain.com,5,http://cardomain.com,,,http://www.cardomain.com/usernew/blog/#,,web 2.0,,,,cardomain.com
,73,http://cargurus.com,5,http://cargurus.com,,,http://www.cargurus.com/Cars/enterFeedback.action#,,possible,,,,cargurus.com
,74,http://carscoop.blogspot.com,5,http://carscoop.blogspot.com,,,http://www.carscoops.com/2012/07/carscoop-is-looking-for-new-writers.html,,yes possible,,,,carscoop.blogspot.com
manual,112398,http://www.lavespavita.com/blog-post-guidelines/,5,http://www.lavespavita.com,submit your own blog post,,http://www.lavespavita.com,,submit your own blog post,,,,lavespavita.com
,11083,http://www.sourcingmag.com/content/c060215a.asp,5,http://www.sourcingmag.com,submit an article,,http://www.sourcingmag.com/submit/,,submit an article,,,,sourcingmag.com
,11118,http://www.toptenz.net/top-10-greatest-inventions-of-the-19th-century.php,5,http://www.toptenz.net,write for us,,http://www.toptenz.net/sumit-a-top-ten-list,,write for us,,,,toptenz.net
GSA Article Submission,111931,http://xastir.org,5,http://xastir.org,become a contributor,,http://xastir.org,,become a contributor,,,,xastir.org
GSA Article Submission,112029,http://yekey.com/submit_article.php,5,http://yekey.com,Become an Author,,http://yekey.com/submit_article.php,,Become an Author,,,,yekey.com
,122,http://www.4wd.com/,5,http://www.4wd.com/,,,,sent,sent,,,,4wd.com/
,83,http://leftlanenews.com,5,http://leftlanenews.com,,,,sent message,sent message,,,,leftlanenews.com
,86,http://news.pickuptrucks.com/,5,http://news.pickuptrucks.com,,,,sent message,sent message,,,,news.pickuptrucks.com
,87,http://rsportscars.com,5,http://rsportscars.com,,,,sent message,sent message,,,,rsportscars.com
,88,http://seriouswheels.com,5,http://seriouswheels.com,,,,sent message,sent message,,,,seriouswheels.com
,92,http://thesupercars.org,5,http://thesupercars.org,,,,sent message,sent message,,,,thesupercars.org
,94,http://usedcars.com,5,http://usedcars.com,,,,sent message,sent message,,,,usedcars.com
,98,http://www.2carpros.com/,5,http://www.2carpros.com,,,,sent message,sent message,,,,2carpros.com
,115,http://www.thetruthaboutcars.com/,5,http://www.thetruthaboutcars.com,,,,sent message,sent message,,,,thetruthaboutcars.com
,116,http://www.topspeed.com/,5,http://www.topspeed.com,,,,sent message,sent message,,,,topspeed.com
,119,http://www.autoevolution.com/,5,http://www.autoevolution.com/,,,,sent message,sent message,,,,autoevolution.com/
,8950,http://add-vodka.com/commenting-services-hire-me/,4,http://add-vodka.com/pr/,guest post,addvodka@gmail.com,,,guest post,,,,add-vodka.com/pr/
,8952,http://brokeprofessionals.com/guest-post-on-bp/,4,http://brokeprofessionals.com/guest-post-on-bp/,guest post,brokeprofessionals@gmail.com,,,guest post,,,,brokeprofessionals.com/guest-post-on-bp/
,8953,http://budgetandthebeach.com/,4,http://budgetandthebeach.com/about/contact/,guest post,budgetandthebeach@hotmail.com,,,guest post,,,,budgetandthebeach.com/about/contact/
,169,http://www.build-threads.com/,4,http://www.build-threads.com,,buildthreads@gmail.com,,,possible,,,,build-threads.com
,132,http://carpundit.typepad.com/carpundit/2008/09/and-end-to-paid.html,4,http://carpundit.typepad.com,,carpundit@carpundit.com,,sent message,sent message,,,,carpundit.typepad.com
,149,http://mycarstats.com,4,http://mycarstats.com,,contact@mycarstats.com,,sent message,sent message,,,,mycarstats.com
,8951,http://blog.themillionairenurse.com,4,http://www.themillionairenurse.com/contact.php,guest post,dean@themillionairenurse.com,,,guest post,,,,themillionairenurse.com/contact.php
,161,http://www.0-60mag.com/news/,4,http://www.0-60mag.com,,edit@0-60mag.com,,,possible,,,,0-60mag.com
,188,http://www.motoringdreams.blogspot.com/,4,http://www.motoringdreams.blogspot.com,,editor@automotivepress.co.uk ,http://motoringdreams.blogspot.com.au/p/advertise-and-sponsorship.html,,possible,,,,motoringdreams.blogspot.com
,155,http://silodrome.com/,4,http://silodrome.com,,editor@silodrome.com,James McBride discuss ad format,,possible,,,,silodrome.com
,8955,http://couplemoney.com,4,http://couplemoney.com/write-for-cm/,guest post,elle@couplemoney.com,,,guest post,,,,couplemoney.com/write-for-cm/
,139,http://exoticspotter.com,4,http://exoticspotter.com,,exoticspotter@gmail.com,,sent message,sent message,,,,exoticspotter.com
,8954,http://ceoworld.biz/ceo/2011/01/11/general-motors-gm-buying-back-part-of-its-former-gmac-auto-loan-business,4,http://ceoworld.biz,guest post,http://ceoworld.biz/ceo/mag/contributors,,,guest post,,,,ceoworld.biz
,208,http://ecomodder.com/wiki,4,http://ecomodder.com/wiki,,http://ecomodder.com/wiki/index.php?title=Special:UserLogin&type=signup&returnto=Main_Page,wiki,,wiki,,,,ecomodder.com/wiki
,194,http://www.oneighturbo.com/,4,http://www.oneighturbo.com,,http://oneighturbo.com/advertise/,,,possible,,,,oneighturbo.com
,209,http://ttora.com/wiki,4,http://ttora.com/wiki,,http://ttora.com/wiki/index.php?title=Special:UserLogin&type=signup&returnto=Main+Page,wiki,,wiki,,,,ttora.com/wiki
,164,http://www.automoblog.net/,4,http://www.automoblog.net,,http://www.automoblog.net/jobs/,,,possible,,,,automoblog.net
,165,http://www.automotiveaddicts.com/,4,http://www.automotiveaddicts.com,,http://www.automotiveaddicts.com/advertise-on-automotiveaddicts,,,possible,,,,automotiveaddicts.com
,166,http://www.benzinsider.com/,4,http://www.benzinsider.com,,http://www.benzinsider.com/advertise/,,,possible,,,,benzinsider.com
,167,http://www.bmwcoop.com/,4,http://www.bmwcoop.com,,http://www.bmwcoop.com/advertise/,,,possible,,,,bmwcoop.com
,168,http://www.bmw-sg.com/,4,http://www.bmw-sg.com,,http://www.bmw-sg.com/advertising-on-bmwsg/,,,possible,,,,bmw-sg.com
,170,http://www.carkeys.co.uk/,4,http://www.carkeys.co.uk,,http://www.carkeys.co.uk/content/contact-us-0,,,possible,,,,carkeys.co.uk
,171,http://www.carsuk.net/,4,http://www.carsuk.net,,http://www.carsuk.net/advertise-on-cars-uk/,,,possible,,,,carsuk.net
,172,http://www.carversation.com/,4,http://www.carversation.com,,http://www.carversation.com/contact-us/,,,possible,,,,carversation.com
,173,http://www.carwale.com/news/,4,http://www.carwale.com,,http://www.carwale.com/es/,,,possible,,,,carwale.com
,175,http://www.drivingsports.com/,4,http://www.drivingsports.com,,http://www.drivingsports.com/site/advertising/,,,possible,,,,drivingsports.com
,178,http://www.glassguide.co.uk/,4,http://www.glassguide.co.uk,,http://www.glassguide.co.uk/Contact_us/,,,possible,,,,glassguide.co.uk
,179,http://www.green-car-guide.com/,4,http://www.green-car-guide.com,,http://www.green-car-guide.com/pages/Advertising.html,,,possible,,,,green-car-guide.com
,181,http://www.indiandrives.com/,4,http://www.indiandrives.com,,http://www.indiandrives.com/contact-us,,,possible,,,,indiandrives.com
,182,http://www.kitfoster.com/carport/,4,http://www.kitfoster.com,,http://www.kitfoster.com/carport/contact-the-carport/,,,possible,,,,kitfoster.com
,183,http://www.lotpro.com/blog/,4,http://www.lotpro.com,,http://www.lotpro.com/advertise/,,,possible,,,,lotpro.com
,186,http://www.motorbeam.com/,4,http://www.motorbeam.com,,http://www.motorbeam.com/contact-us/,,,possible,,,,motorbeam.com
,189,http://www.motoringfile.com/,4,http://www.motoringfile.com,,http://www.motoringfile.com/contact/,,,possible,,,,motoringfile.com
,190,http://www.motorlogy.com/,4,http://www.motorlogy.com,,http://www.motorlogy.com/contact/,,,possible,,,,motorlogy.com
,191,http://www.motorward.com/,4,http://www.motorward.com,,http://www.motorward.com/2008/10/contact-us/,,,possible,,,,motorward.com
,192,http://www.newcarnet.co.uk/blog/,4,http://www.newcarnet.co.uk,,http://www.newcarnet.co.uk/contact_frame.html?section=news,,,possible,,,,newcarnet.co.uk
,156,http://speedhunters.com/default.aspx/,4,http://speedhunters.com,,http://www.speedhunters.com/contact,,,possible,,,,speedhunters.com
,157,http://sub5zero.com,4,http://sub5zero.com,,http://www.sub5zero.com/contact-us/,,,possible,,,,sub5zero.com
,200,http://zag.com,4,http://zag.com,,https://dealerportal.truecar.com/advertising/,,,advertising,,,,zag.com
,201,https://dealerportal.truecar.com,4,https://dealerportal.truecar.com,,https://dealerportal.truecar.com/advertising/,,,advertising,,,,dealerportal.truecar.com
,195,http://www.saabhistory.com/,4,http://www.saabhistory.com,,info@saabhistory.com,http://www.saabhistory.com/services/,,possible,,,,saabhistory.com
,154,http://showautoreviews.com/,4,http://showautoreviews.com,,info@showautoreviews.com,,sent message,sent message,,,,showautoreviews.com
,8956,http://dailymoneyshot.net/contact-me/,4,http://dailymoneyshot.net/contact-me/,guest post,jana@dailymoneyshot.net,,,guest post,,,,dailymoneyshot.net/contact-me/
,142,http://hooniverse.com/,4,http://hooniverse.com,,Jeff@Hooniverse.com,,sent message,sent message,,,,hooniverse.com
,151,http://paultan.org/,4,http://paultan.org,,jennifer@pixelmedia-asia.com,,sent message,sent message,,,,paultan.org
,136,http://drivendaily.org/,4,http://drivendaily.org,,jobrien@drivendaily.org,,sent message,sent message,,,,drivendaily.org
,163,http://www.aronline.co.uk/blogs/,4,http://www.aronline.co.uk,,louise@honestjohn.co.uk,advertising,,possible,,,,aronline.co.uk
,130,http://bringatrailer.com/,4,http://bringatrailer.com,,mail@bringatrailer.com,,sent message,sent message,,,,bringatrailer.com
,131,http://carlist.com/,4,http://carlist.com,,webmaster_carlist@yahoo.com,,sent message,sent message,,,,carlist.com
,153,http://priuschat.com/,4,http://priuschat.com,,,forum homepage,,forum,,,,priuschat.com
,207,http://www.huntforcover.com/,4,http://www.huntforcover.com/,,,guest post,,guest post,,,,huntforcover.com/
GSA Article Submission,86398,http://2itb.com,4,http://2itb.com,create a free website,,http://2itb.com,,create a free website,,,,2itb.com
GSA Article Submission,86729,http://add-links.us/index.php?list=top,4,http://add-links.us,submit article,,http://add-links.us/index.php?list=top,,submit article,,,,add-links.us
GSA Article Submission,86830,http://against-the-day.pynchonwiki.com/wiki,4,http://against-the-day.pynchonwiki.com,become a contributor,,http://against-the-day.pynchonwiki.com/wiki,,become a contributor,,,,against-the-day.pynchonwiki.com
GSA Article Submission,86955,http://albiondesign.com/jacksonmichcom/cgi-bin/jaxbusiness/gbook.db,4,http://albiondesign.com,Submit Post,,http://albiondesign.com/jacksonmichcom/cgi-bin/jaxbusiness/gbook.db,,Submit Post,,,,albiondesign.com
GSA Article Submission,86980,http://algoplus.org/,4,http://algoplus.org,submit article,,http://algoplus.org/,,submit article,,,,algoplus.org
GSA Article Submission,87312,http://aplwiki.com,4,http://aplwiki.com,Become an Author,,http://aplwiki.com,,Become an Author,,,,aplwiki.com
GSA Article Submission,87502,http://arthapedia.in,4,http://arthapedia.in,create a website,,http://arthapedia.in,,create a website,,,,arthapedia.in
GSA Article Submission,87908,http://aupacademy.edu.ph/batchm8s/,4,http://aupacademy.edu.ph,create a blog,,http://aupacademy.edu.ph/batchm8s/,,create a blog,,,,aupacademy.edu.ph
GSA Article Submission,87929,http://aussieheritage.com.au/au/index.php?list=latest,4,http://aussieheritage.com.au,submit article,,http://aussieheritage.com.au/au/index.php?list=latest,,submit article,,,,aussieheritage.com.au
,205,http://bangshift.com/blog/guest-blog-a-bangshifters-great-stories-and-memories-of-the-late-tom-hnatiw.html,4,http://bangshift.com/blog/guest-blog-a-bangshifters-great-stories-and-memories-of-the-late-tom-hnatiw.html,,,http://bangshift.com/submit-content.html,,possible,,,,bangshift.com/blog/guest-blog-a-bangshifters-great-stories-and-memories-of-the-late-tom-hnatiw.html
GSA Article Submission,88259,http://beatleswiki.com,4,http://beatleswiki.com,become a contributor,,http://beatleswiki.com,,become a contributor,,,,beatleswiki.com
GSA Article Submission,88560,http://biotecharticles.com,4,http://biotecharticles.com,submit article,,http://biotecharticles.com,,submit article,,,,biotecharticles.com
GSA Article Submission,88608,http://biz-whiz.com,4,http://biz-whiz.com,submit article,,http://biz-whiz.com,,submit article,,,,biz-whiz.com
GSA Article Submission,88687,http://blog.counselormagazine.com,4,http://blog.counselormagazine.com,article submission,,http://blog.counselormagazine.com,,article submission,,,,blog.counselormagazine.com
GSA Article Submission,88772,http://blogs.usask.ca/efdtgradinfo/friday_bulletin/,4,http://blogs.usask.ca,Submit an Article,,http://blogs.usask.ca/efdtgradinfo/friday_bulletin/,,Submit an Article,,,,blogs.usask.ca
GSA Article Submission,89095,http://bulbanews.bulbagarden.net,4,http://bulbanews.bulbagarden.net,Submit an Article,,http://bulbanews.bulbagarden.net,,Submit an Article,,,,bulbanews.bulbagarden.net
GSA Article Submission,89304,http://cancer-surgery.com,4,http://cancer-surgery.com,submit article,,http://cancer-surgery.com,,submit article,,,,cancer-surgery.com
GSA Article Submission,89854,http://cl49.pynchonwiki.com/wiki,4,http://cl49.pynchonwiki.com,become a contributor,,http://cl49.pynchonwiki.com/wiki,,become a contributor,,,,cl49.pynchonwiki.com
GSA Article Submission,90426,http://councilofexmuslims.com/wiki,4,http://councilofexmuslims.com,become a contributor,,http://councilofexmuslims.com/wiki,,become a contributor,,,,councilofexmuslims.com
GSA Article Submission,90632,http://ctsg.pl/portal-2-co-op-01-prolog-budowanie-zespolu,4,http://ctsg.pl,create a website,,http://ctsg.pl/portal-2-co-op-01-prolog-budowanie-zespolu,,create a website,,,,ctsg.pl
GSA Article Submission,90766,http://dallastango.com/index.php?c=377,4,http://dallastango.com,submit article,,http://dallastango.com/index.php?c=377,,submit article,,,,dallastango.com
GSA Article Submission,91335,http://directory-list.com,4,http://directory-list.com,submit article,,http://directory-list.com,,submit article,,,,directory-list.com
GSA Article Submission,92052,http://ejournal.biomolfrontiers.nus.edu.sg/ojs/index.php/biomol/user/register,4,http://ejournal.biomolfrontiers.nus.edu.sg,Submit an Article,,http://ejournal.biomolfrontiers.nus.edu.sg/ojs/index.php/biomol/user/register,,Submit an Article,,,,ejournal.biomolfrontiers.nus.edu.sg
GSA Article Submission,92372,http://energyefficienthomearticles.com/Article/energy-efficient-homes---energy-efficient-home-articles----What-is-A-Lumen--/9467,4,http://energyefficienthomearticles.com,submit article,,http://energyefficienthomearticles.com/Article/energy-efficient-homes---energy-efficient-home-articles----What-is-A-Lumen--/9467,,submit article,,,,energyefficienthomearticles.com
GSA Article Submission,92611,http://etel.wiki.oreilly.com,4,http://etel.wiki.oreilly.com,become a contributor,,http://etel.wiki.oreilly.com,,become a contributor,,,,etel.wiki.oreilly.com
GSA Article Submission,93629,http://freewebsite-service.com,4,http://freewebsite-service.com,create a free website,,http://freewebsite-service.com,,create a free website,,,,freewebsite-service.com
GSA Article Submission,94385,http://gravitys-rainbow.pynchonwiki.com/wiki,4,http://gravitys-rainbow.pynchonwiki.com,become a contributor,,http://gravitys-rainbow.pynchonwiki.com/wiki,,become a contributor,,,,gravitys-rainbow.pynchonwiki.com
GSA Article Submission,94522,http://gtawebdirectory.com/detail/wholesale-fish-supplies-11320.htm,4,http://gtawebdirectory.com,submit article,,http://gtawebdirectory.com/detail/wholesale-fish-supplies-11320.htm,,submit article,,,,gtawebdirectory.com
GSA Article Submission,94579,http://gungfu.com/wikidojo,4,http://gungfu.com,submit article,,http://gungfu.com/wikidojo,,submit article,,,,gungfu.com
GSA Article Submission,94830,http://hello2sms.com/article.php?id=1151,4,http://hello2sms.com,submit article,,http://hello2sms.com/article.php?id=1151,,submit article,,,,hello2sms.com
GSA Article Submission,94857,http://help.rcampus.com,4,http://help.rcampus.com,create a website,,http://help.rcampus.com,,create a website,,,,help.rcampus.com
GSA Article Submission,95156,http://hpage.com,4,http://hpage.com,create a website,,http://hpage.com,,create a website,,,,hpage.com
GSA Article Submission,95743,http://inherent-vice.pynchonwiki.com/wiki,4,http://inherent-vice.pynchonwiki.com,become a contributor,,http://inherent-vice.pynchonwiki.com/wiki,,become a contributor,,,,inherent-vice.pynchonwiki.com
GSA Article Submission,95882,http://inube.com,4,http://inube.com,create a blog,,http://inube.com,,create a blog,,,,inube.com
GSA Article Submission,95894,http://invision-graphics.com/free-templates-details167-phpld-tableless-template.html,4,http://invision-graphics.com,submit article,,http://invision-graphics.com/free-templates-details167-phpld-tableless-template.html,,submit article,,,,invision-graphics.com
GSA Article Submission,97047,http://lawyerdir.org/,4,http://lawyerdir.org,submit article,,http://lawyerdir.org/,,submit article,,,,lawyerdir.org
GSA Article Submission,97696,http://made-in-italy.com/,4,http://made-in-italy.com,write for us,,http://made-in-italy.com/,,write for us,,,,made-in-italy.com
GSA Article Submission,97947,http://masondixon.pynchonwiki.com/wiki,4,http://masondixon.pynchonwiki.com,become a contributor,,http://masondixon.pynchonwiki.com/wiki,,become a contributor,,,,masondixon.pynchonwiki.com
GSA Article Submission,98916,http://music.lib.byu.edu/harpwiki,4,http://music.lib.byu.edu,submit article,,http://music.lib.byu.edu/harpwiki,,submit article,,,,music.lib.byu.edu
GSA Article Submission,98960,http://mvtourguide.com/directory/index.php?list=latestarticles,4,http://mvtourguide.com,submit article,,http://mvtourguide.com/directory/index.php?list=latestarticles,,submit article,,,,mvtourguide.com
GSA Article Submission,99040,http://myfreelanceauction.com,4,http://myfreelanceauction.com,write for us,,http://myfreelanceauction.com,,write for us,,,,myfreelanceauction.com
GSA Article Submission,100043,http://onlineedudir.com/index.php?list=top,4,http://onlineedudir.com,submit article,,http://onlineedudir.com/index.php?list=top,,submit article,,,,onlineedudir.com
GSA Article Submission,101511,http://puregin.org/sites/default/files/About_Drupal.html,4,http://puregin.org,become a contributor,,http://puregin.org/sites/default/files/About_Drupal.html,,become a contributor,,,,puregin.org
,203,http://ralfbecker.com/,4,http://ralfbecker.com/,,,http://ralfbecker.com/contact/,,possible,,,,ralfbecker.com/
GSA Article Submission,101827,http://realneo.us/user/register&rct=j,4,http://realneo.us,Become an Author,,http://realneo.us/user/register&rct=j,,Become an Author,,,,realneo.us
GSA Article Submission,102332,http://r-wils.com/,4,http://r-wils.com,submit article,,http://r-wils.com/,,submit article,,,,r-wils.com
GSA Article Submission,103012,http://shoutpost.com,4,http://shoutpost.com,create a blog,,http://shoutpost.com,,create a blog,,,,shoutpost.com
GSA Article Submission,104347,http://tarotpedia.com,4,http://tarotpedia.com,Submit an Article,,http://tarotpedia.com,,Submit an Article,,,,tarotpedia.com
GSA Article Submission,104375,http://tblog.com,4,http://tblog.com,create a blog,,http://tblog.com,,create a blog,,,,tblog.com
GSA Article Submission,104773,http://thehomedecordirectory.com/index.php?list=latest,4,http://thehomedecordirectory.com,submit article,,http://thehomedecordirectory.com/index.php?list=latest,,submit article,,,,thehomedecordirectory.com
GSA Article Submission,105418,http://turonzamin.com/,4,http://turonzamin.com,submit article,,http://turonzamin.com/,,submit article,,,,turonzamin.com
GSA Article Submission,105505,http://ubc-voc.com/wiki,4,http://ubc-voc.com,submit article,,http://ubc-voc.com/wiki,,submit article,,,,ubc-voc.com
manual,112399,http://uinterview.com/news/tesla-model-s-is-first-electric-car-named-motor-trends-car-of-the-year-5896,4,http://uinterview.com/login?popup=1,submit your own blog post,,http://uinterview.com,,submit your own blog post,,,,uinterview.com
GSA Article Submission,105549,http://ujewebdir.com/,4,http://ujewebdir.com,submit article,,http://ujewebdir.com/,,submit article,,,,ujewebdir.com
GSA Article Submission,105788,http://v.pynchonwiki.com/wiki,4,http://v.pynchonwiki.com,become a contributor,,http://v.pynchonwiki.com/wiki,,become a contributor,,,,v.pynchonwiki.com
GSA Article Submission,106042,http://vineland.pynchonwiki.com/wiki,4,http://vineland.pynchonwiki.com,become a contributor,,http://vineland.pynchonwiki.com/wiki,,become a contributor,,,,vineland.pynchonwiki.com
GSA Article Submission,106251,http://wallinside.com,4,http://wallinside.com,create a blog,,http://wallinside.com,,create a blog,,,,wallinside.com
GSA Article Submission,106392,http://webcosmoforums.com/blogging/41957-what-best-top-ten-website-create-new-blog.html,4,http://webcosmoforums.com,create a blog,,http://webcosmoforums.com/blogging/41957-what-best-top-ten-website-create-new-blog.html,,create a blog,,,,webcosmoforums.com
GSA Article Submission,106585,http://whistleronline.ca/articles/,4,http://whistleronline.ca,submit article,,http://whistleronline.ca/articles/,,submit article,,,,whistleronline.ca
GSA Article Submission,108971,http://wikifashion.com,4,http://wikifashion.com,become a contributor,,http://wikifashion.com,,become a contributor,,,,wikifashion.com
GSA Article Submission,109277,http://wldirectory.com/detail/link-85664.html,4,http://wldirectory.com,submit article,,http://wldirectory.com/detail/link-85664.html,,submit article,,,,wldirectory.com
,211,http://www.autotransportdirect.com/,4,http://www.autotransportdirect.com/,,,http://www.autotransportdirect.com/contact_us.asp,,possible,,,,autotransportdirect.com/
,212,http://www.carviva.com/,4,http://www.carviva.com/,,,http://www.carviva.com/contact-us/,,possible,,,,carviva.com/
GSA Article Submission,109895,http://www.coinfactswiki.com,4,http://www.coinfactswiki.com,become a contributor,,http://www.coinfactswiki.com,,become a contributor,,,,coinfactswiki.com
manual,112401,http://www.cooldavis.org/lowimpactweek/,4,http://www.cooldavis.org,,,http://www.cooldavis.org,,unknown,,,,cooldavis.org
GSA Article Submission,109932,http://www.cpaptalk.com/wiki,4,http://www.cpaptalk.com,create a blog,,http://www.cpaptalk.com/wiki,,create a blog,,,,cpaptalk.com
,210,http://www.motorlogy.com/,4,http://www.motorlogy.com/,,,http://www.motorlogy.com/contact/,sent,sent,,,,motorlogy.com/
,213,http://www.motormash.com/,4,http://www.motormash.com/,,,http://www.motormash.com/contact/,,possible,,,,motormash.com/
,196,http://www.testdriven.co.uk/,4,http://www.testdriven.co.uk,,,http://www.testdriven.co.uk/contact/,,possible,,,,testdriven.co.uk
,197,http://www.thegreencarwebsite.co.uk/blog/,4,http://www.thegreencarwebsite.co.uk,,,http://www.thegreencarwebsite.co.uk/blog/index.php/about-thegreencarwebsite-co-uk/,,possible,,,,thegreencarwebsite.co.uk
,198,http://www.trustmymechanic.com/auto-repair/,4,http://www.trustmymechanic.com,,,http://www.trustmymechanic.com/auto-repair/contact-me/,,possible,,,,trustmymechanic.com
,199,http://www.whybuyusedcars.com/,4,http://www.whybuyusedcars.com,,,http://www.whybuyusedcars.com/about-auction-direct-used-car-blog/,,possible,,,,whybuyusedcars.com
GSA Article Submission,112089,http://yourlimoinc.com/?p=29,4,http://yourlimoinc.com,submit article,,http://yourlimoinc.com/?p=29,,submit article,,,,yourlimoinc.com
,124,http://automiddleeast.com/category/news/,4,http://automiddleeast.com,,,,sent message,sent message,,,,automiddleeast.com
,125,http://automotoportal.com,4,http://automotoportal.com,,,,sent message,sent message,,,,automotoportal.com
,126,http://blog.1aauto.com/,4,http://blog.1aauto.com,,,,sent message,sent message,,,,blog.1aauto.com
,127,http://blog.carfab.com/,4,http://blog.carfab.com,,,,sent message,sent message,,,,blog.carfab.com
,128,http://blog.drivers-republic.com/,4,http://blog.drivers-republic.com,,,,sent message,sent message,,,,blog.drivers-republic.com
,133,http://carsdir.com,4,http://carsdir.com,,,,sent message,sent message,,,,carsdir.com
,137,http://dubmagazine.com/dubdaily/,4,http://dubmagazine.com,,,,sent message,sent message,,,,dubmagazine.com
,138,http://egmcartech.com,4,http://egmcartech.com,,,,sent message,sent message,,,,egmcartech.com
,140,http://gotryke.com/,4,http://gotryke.com,,,,sent message,sent message,,,,gotryke.com
,143,http://indianautosblog.com/,4,http://indianautosblog.com,,,,sent message,sent message,,,,indianautosblog.com
,145,http://jalopyjournal.com,4,http://jalopyjournal.com,,,,sent message,sent message,,,,jalopyjournal.com
,150,http://oldride.com,4,http://oldride.com,,,,sent message,sent message,,,,oldride.com
,160,http://web2carz.com,4,http://web2carz.com,,,,sent message,sent message,,,,web2carz.com
,,,,,,,,,,,,,
